trial_id,sample_index,time_s,excitation_drive_V,excitation_N,piezo_1_V,piezo_2_V,piezo_3_V,piezo_4_V,quality_flag
SYNTHETIC_baseline_001,0,0,0,,-0.003973387,-0.005841275,,,ok
SYNTHETIC_baseline_001,1,0.000125,0.707106781,,0.011050626,0.005638922,,,ok
SYNTHETIC_baseline_001,2,0.00025,1,,0.019601332,0.013815915,,,ok
SYNTHETIC_baseline_001,3,0.000375,0.707106781,,0.016669843,0.013899732,,,ok
SYNTHETIC_baseline_001,4,0.0005,0,,0.003973387,0.005841275,,,ok
SYNTHETIC_baseline_001,5,0.000625,-0.707106781,,-0.011050626,-0.005638922,,,ok
SYNTHETIC_baseline_001,6,0.00075,-1,,-0.019601332,-0.013815915,,,ok
SYNTHETIC_baseline_001,7,0.000875,-0.707106781,,-0.016669843,-0.013899732,,,ok
SYNTHETIC_baseline_001,8,0.001,0,,-0.003973387,-0.005841275,,,ok
SYNTHETIC_baseline_001,9,0.001125,0.707106781,,0.011050626,0.005638922,,,ok
SYNTHETIC_baseline_001,10,0.00125,1,,0.019601332,0.013815915,,,ok
SYNTHETIC_baseline_001,11,0.001375,0.707106781,,0.016669843,0.013899732,,,ok
SYNTHETIC_baseline_001,12,0.0015,0,,0.003973387,0.005841275,,,ok
SYNTHETIC_baseline_001,13,0.001625,-0.707106781,,-0.011050626,-0.005638922,,,ok
SYNTHETIC_baseline_001,14,0.00175,-1,,-0.019601332,-0.013815915,,,ok
SYNTHETIC_baseline_001,15,0.001875,-0.707106781,,-0.016669843,-0.013899732,,,ok
SYNTHETIC_contact_001,0,0,0,,-0.001986693,-0.003115347,,,ok
SYNTHETIC_contact_001,1,0.000125,0.707106781,,0.005525313,0.003007425,,,ok
SYNTHETIC_contact_001,2,0.00025,1,,0.009800666,0.007368488,,,ok
SYNTHETIC_contact_001,3,0.000375,0.707106781,,0.008334922,0.007413191,,,ok
SYNTHETIC_contact_001,4,0.0005,0,,0.001986693,0.003115347,,,ok
SYNTHETIC_contact_001,5,0.000625,-0.707106781,,-0.005525313,-0.003007425,,,ok
SYNTHETIC_contact_001,6,0.00075,-1,,-0.009800666,-0.007368488,,,ok
SYNTHETIC_contact_001,7,0.000875,-0.707106781,,-0.008334922,-0.007413191,,,ok
SYNTHETIC_contact_001,8,0.001,0,,-0.001986693,-0.003115347,,,ok
SYNTHETIC_contact_001,9,0.001125,0.707106781,,0.005525313,0.003007425,,,ok
SYNTHETIC_contact_001,10,0.00125,1,,0.009800666,0.007368488,,,ok
SYNTHETIC_contact_001,11,0.001375,0.707106781,,0.008334922,0.007413191,,,ok
SYNTHETIC_contact_001,12,0.0015,0,,0.001986693,0.003115347,,,ok
SYNTHETIC_contact_001,13,0.001625,-0.707106781,,-0.005525313,-0.003007425,,,ok
SYNTHETIC_contact_001,14,0.00175,-1,,-0.009800666,-0.007368488,,,ok
SYNTHETIC_contact_001,15,0.001875,-0.707106781,,-0.008334922,-0.007413191,,,ok
